{
    "Accuracy": 0.50066401062417,
    "Precision": 0.48999502192339783,
    "Recall": 0.50066401062417,
    "F1_Score": 0.44565199379014064
}