{
    "Accuracy": 0.548472775564409,
    "Precision": 0.526532388683783,
    "Recall": 0.548472775564409,
    "F1_Score": 0.45574525134111754
}