{
    "Accuracy": 0.4940239043824701,
    "Precision": 0.4539257311204008,
    "Recall": 0.4940239043824701,
    "F1_Score": 0.42169713044949475
}