{
    "Accuracy": 0.4477503628447025,
    "Precision": 0.462428223410665,
    "Recall": 0.4477503628447025,
    "F1_Score": 0.4267043434553506
}