{
    "Accuracy": 0.3621190130624093,
    "Precision": 0.3682497973826744,
    "Recall": 0.3621190130624093,
    "F1_Score": 0.36278334953506847
}