{
    "Accuracy": 0.5059760956175299,
    "Precision": 0.46050823607882996,
    "Recall": 0.5059760956175299,
    "F1_Score": 0.4488624760019931
}